{
    "age": 31,
    "region": {
        "x": 114,
        "y": 63,
        "w": 316,
        "h": 316
    },
    "gender": "Woman",
    "race": {
        "asian": 0.002221279646619223,
        "indian": 3.684428406813822e-05,
        "black": 1.2446079722394643e-07,
        "white": 99.80133771896362,
        "middle eastern": 0.12402478605508804,
        "latino hispanic": 0.07237513782456517
    },
    "dominant_race": "white",
    "emotion": {
        "angry": 8.491813152540514,
        "disgust": 0.010336549782929184,
        "fear": 25.88529741080388,
        "happy": 0.16893453273159462,
        "sad": 27.82519029529037,
        "surprise": 0.00033198147935467045,
        "neutral": 37.61809692490679
    },
    "dominant_emotion": "neutral"
}